Claim ID,Claim,Value,Unit as reported,Measure,Geography,Population / scope,Time period,Number type,Source title,Publisher,URL,Publication date,Accessed,Source tier,Fit for this claim,Evidence (quote or table ref),Calculation,Depends on,Confidence,Confidence reason,Key limitation,Sensitivity,Dangerous?,Link checked,Copy saved?,Status,Conflicts with,Used in
C-101,"Official population-projection report provides 2011-2036 projections for Chandigarh, Punjab and Haryana; used only as the population anchor, with district extrapolation stated separately.",See source tables,population projections,RES,Tricity inputs,Chandigarh/Punjab/Haryana,2011-2036,Reported,Population Projections for India and States 2011-2036,Ministry of Health & Family Welfare,https://www.mohfw.gov.in/sites/default/files/Population%20Projection%20Report%202011-2036%20-%20upload_compressed_0.pdf,2026 online copy,24-09-2026,1,High,Official projection tables; district-level SAS Nagar/Panchkula figures are not directly projected in this report.,State growth factor applied to district base outside this claim,-,High,"Primary government source; projection is still an estimate, not a census measurement.",UT method differs from large-state component projection; district figures require inference.,Medium,No,24-09-2026,No,Active,-,Part 1 - population
C-102,"In two Indian tertiary hospitals, usual knee-arthroplasty rehabilitation is commonly home-based after discharge, with oral/written exercise instructions and outpatient review as required; each participating operating unit performs about 15-20 primary knee arthroplasties per month.",15-20,primary knee arthroplasties per month per participating unit,NAT,India,two tertiary hospitals,2024-2025 trial setting,Reported,How effective is mHealth-supported home-based post-knee arthroplasty rehabilitation...,BMJ Open / Indian research team,https://pmc.ncbi.nlm.nih.gov/articles/PMC12658543/,2025,24-09-2026,2,High,"Study setting/methods describe usual care, discharge instructions, external physiotherapy option and unit volume.",n/a,-,High,Peer-reviewed India-specific protocol with direct description of usual care.,"Delhi hospitals, not Tricity; trial protocol rather than Tricity audit.",High,No,24-09-2026,No,Active,-,Part 1; Part 3
C-103,Indian mixed-methods research found patients wanted physiotherapy support in early recovery because of pain; providers reported poor exercise adherence and wanted a mechanism to monitor progress after discharge; access to reliable rehabilitation was a barrier.,Qualitative + n=79 survey,patients/providers,NAT,India,79 patients + 10 physiotherapists + 3 surgeons,published 2024,Reported,Challenges in rehabilitation and continuum of care provision after knee replacement,Disability and Rehabilitation,https://pubmed.ncbi.nlm.nih.gov/37461195/,2024-06,24-09-2026,2,High,"Abstract reports pain, adherence, monitoring need and access barriers.",n/a,-,High,Peer-reviewed India-specific mixed-methods evidence directly relevant to K1-K3/B9/B12.,Single urban tertiary-care setting; not Tricity-specific.,High,No,24-09-2026,No,Active,-,Part 3
C-104,"At an Indian tertiary hospital, patients were verbally instructed in home exercises at discharge and given a printed exercise pamphlet.",Verbal + printed,discharge exercise instruction,NAT,India,knee arthroplasty patients,2019-2020 study period,Reported,Estimation of Expenditure and Challenges Related to Rehabilitation After Knee Arthroplasty,Indian tertiary hospital study,https://pmc.ncbi.nlm.nih.gov/articles/PMC8586390/,2021,24-09-2026,2,High,Methods describe discharge exercise instruction and printed pamphlet.,n/a,-,High,Peer-reviewed India-specific workflow evidence.,One hospital; does not quantify how consistently patients follow the plan.,Medium,No,24-09-2026,No,Active,-,Part 1 funnel; B7/B8
C-105,"Indian rehabilitation protocol literature uses repeated daily home exercises, progressive ROM/strength work and staged functional training after TKR.",Protocol varies by phase,rehab protocol,NAT,India,TKR rehabilitation,published 2017,Reported,Content Validation of Total Knee Replacement Rehabilitation Protocol in Indian Population,Journal article / PMC,https://pmc.ncbi.nlm.nih.gov/articles/PMC5535470/,2017,24-09-2026,2,Medium,"Protocol tables specify frequency, exercise progression and functional goals.",n/a,-,Medium,India-specific clinical protocol; useful for what a structured plan can contain.,Protocol validation does not prove what every hospital actually delivers.,Medium,No,24-09-2026,No,Active,-,Part 3 context
C-106,"Indian Joint Registry reported ~27,000 TKRs in 2019 and 712 registered surgeons by June 2020; the same literature cites a much larger national estimate, but registry coverage is incomplete.",27000,TKRs in registry in 2019,NAT,India,registered cases,2019-2020,Reported,India Joining the World of Hip and Knee Registries: Present Status-A Leap Forward,Indian Journal of Orthopaedics,https://pmc.ncbi.nlm.nih.gov/articles/PMC8149501/,2020,24-09-2026,2,High,Registry counts are direct; national ~200k estimate is secondary/commercial and should stay low-confidence.,Do not treat 27k as national total,-,High,Peer-reviewed registry description.,Voluntary registry undercaptures national procedures; unit of cited commercial estimate is not clean enough for a base input.,High,Yes,24-09-2026,No,Active,-,Part 1 - national anchor
C-107,Reddit experiences show formal PT duration and home-program intensity vary widely; some patients stop formal PT around 6 weeks and continue exercises at home.,Anecdotal,patient experience,NAT,Online community,post-TKR commenters,2025-2026,Reported,"Home exercises / 6 months in, what PT are people doing?",Reddit r/Kneereplacement,https://www.reddit.com/r/Kneereplacement/comments/1qfllkz/home_exercises/,2026-01,24-09-2026,9,Low,Multiple patient comments describe continued home exercise after formal PT.,n/a,-,Low,Community evidence is useful for hypothesis generation only.,"Self-selected, mostly non-India, no clinical verification.",Low,No,24-09-2026,No,Active,-,Part 3 - behavioural texture
C-108,Recent patient discussions repeatedly describe pain as a reason for reducing or delaying early home exercises.,Anecdotal,patient experience,NAT,Online community,post-TKR commenters,2026,Reported,"At Home PT / PT, pain advice",Reddit r/Kneereplacement,https://www.reddit.com/r/Kneereplacement/comments/1vgpkk9/at_home_pt/,2026-08,24-09-2026,9,Low,Patients describe severe pain limiting flexion/exercise and uncertainty about how hard to push.,n/a,-,Low,Consistent with India mixed-methods finding that pain is a major early barrier.,Self-selected; not local; medical details unverified.,Medium,No,24-09-2026,No,Active,-,K1/B12
C-109,"Patient discussions show form feedback can matter: some describe PT sessions as valuable because the therapist watches technique, corrects form and updates exercises; app/video programs are also used.",Anecdotal,patient experience,NAT,Online community,post-TKR commenters,2024-2026,Reported,Help / What your at home knee workout between PT,Reddit r/Kneereplacement,https://www.reddit.com/r/Kneereplacement/comments/1c6j5fd,2024-04,24-09-2026,9,Medium,"Comments mention portals/videos, therapist checking form, and exercise changes based on progress.",n/a,-,Low-Medium,Useful directional signal for K1/K4 and design ideas.,Self-selected and mostly non-India; does not quantify prevalence.,Medium,No,24-09-2026,No,Active,-,K1/K4
C-110,"Caregiver accounts describe resistance to prescribed exercises and the need for prompting after discharge, supporting adherence as a rival problem to incorrect form.",Anecdotal,caregiver experience,NAT,Online community,caregiver of TKR patient,2024,Reported,Caretaker rant post - looking for advice/encouragement,Reddit r/Kneereplacement,https://www.reddit.com/r/Kneereplacement/comments/1hi7ggf/caretaker_rant_post_looking_for/,2024-12,24-09-2026,9,Low,Caregiver reports difficulty getting patient to do hospital-provided exercises and attend PT.,n/a,-,Low,Human texture consistent with provider reports of poor adherence.,Single anecdote; no local verification.,Low,No,24-09-2026,No,Active,-,K1/B12
C-111,"Systematic review found no clear long-term functional disadvantage of home-based versus outpatient physiotherapy after TKR, suggesting the content/adherence of rehabilitation may matter more than location alone.",No consistent difference,functional outcomes,NAT,International,systematic review,through 2014,Reported,Effectiveness of physiotherapy exercise following total knee replacement,Systematic review / PMC,https://pmc.ncbi.nlm.nih.gov/articles/PMC4333167/,2015,24-09-2026,2,Medium,Review compares home-based and outpatient delivery across multiple studies.,n/a,-,Medium,Higher-level evidence relevant to delivery model.,Older and not India-specific; not evidence of local workflow.,Medium,No,24-09-2026,No,Active,-,Part 3
C-112,Fortis Mohali currently lists an orthopaedics/joint-replacement service and names Dr. Mandeep Singh Dhillon as Director Orthopaedics.,Current service/role,capability,INST,Mohali,Fortis Hospital Mohali,current page,Reported,Fortis Hospital Mohali - Orthopaedics,Fortis Healthcare,https://www.fortishealthcare.com/specialities/hospital/orthopaedics-49/fortis-hospital-mohali,current,24-09-2026,3,High,Official hospital page lists orthopaedics team and joint-replacement capability.,n/a,-,High,Current first-party source.,Does not provide annual arthroplasty volume.,Low,No,24-09-2026,No,Active,-,Institution_Universe
C-113,"Park Grecian Mohali currently lists Ortho, Joint Replacement & Sports Medicine and a physiotherapy department with domiciliary services; Dr. Bhanu Pratap Singh Saluja is listed as Director.",Current service/role,capability + rehab,INST,Mohali,Park Grecian Super Speciality Hospital,current page,Reported,Park Grecian Super Speciality Hospital / Physiotherapy,Park Hospitals,https://www.parkhospital.in/mohali/grecian-super-speciality-hospital-mohali,current,24-09-2026,3,High,"Official site confirms current hospital name, orthopaedic service and director; separate physiotherapy page describes domiciliary care.",n/a,-,High,Current first-party source.,Marketing page; no annual TKR/THR volume.,Low,No,24-09-2026,No,Active,-,Institution_Universe
C-114,Livasa Hospital Mohali (formerly Ivy) currently lists Dr. Manuj Wadhwa and Dr. Robin Bohat under Orthopaedics and Joint Replacement.,Current service/roles,capability,INST,Mohali,Livasa Hospital Mohali,current page,Reported,Orthopaedic doctor in Mohali,Livasa Hospitals,https://www.livasahospitals.com/orthopaedic-doctor-in-mohali,current,24-09-2026,3,High,Official site gives current brand and roster.,n/a,-,High,Current first-party source.,Manuj Wadhwa also appears on Ojas; cross-site status must be confirmed before using surgeon counts.,Medium,No,24-09-2026,No,Active,C-117,Institution_Universe
C-115,Max Mohali currently lists Dr. Ramesh Kumar Sen and Dr. Sandeep Gupta in Orthopaedics & Joint Replacement.,Current service/roles,capability,INST,Mohali,Max Super Speciality Hospital Mohali,current page,Reported,Joint Replacement Surgery Doctors in Mohali,Max Healthcare,https://www.maxhealthcare.in/cps/joint-replacement-surgery-doctors/punjab/mohali,current,24-09-2026,3,High,Official current roster.,n/a,-,High,Current first-party source.,No annual volume.,Low,No,24-09-2026,No,Active,-,Institution_Universe
C-116,Shalby Mohali lists knee joint replacement and names Dr. Gurdarshan Singh Natt as Senior Consultant - Orthopaedics & Joint Replacement Surgery.,Current service/role,capability,INST,Mohali,Shalby Hospital Mohali,current page,Reported,Knee Replacement / Dr. Gurdarshan Singh Natt,Shalby Hospitals,https://www.shalby.org/doctors/dr-gurdarshan-singh-natt/,current,24-09-2026,3,High,Official hospital doctor page.,n/a,-,High,Current first-party source.,No site-specific annual volume.,Low,No,24-09-2026,No,Active,-,Institution_Universe
C-117,Ojas Panchkula lists Dr. Manuj Wadhwa as Chairman of Ojas Elite Orthopaedics & Joint Replacement and lists multiple joint-replacement specialists.,Current service/roles,capability,INST,Panchkula,Ojas Hospital Panchkula,current page,Reported,Orthopedics and Joint Replacement / Dr. Manuj Wadhwa,Ojas Hospital,https://ojashospital.co.in/panchkula/doctor-near-me/orthopedics-and-joint-replacement/,current,24-09-2026,3,High,Official hospital page lists current service and roster.,n/a,-,High,Current first-party source.,Wadhwa also appears at Livasa; do not double-count surgeon-derived capacity until affiliation is clarified.,Medium,No,24-09-2026,No,Active,C-114,Institution_Universe
C-118,GMCH Sector 32 Chandigarh explicitly lists total hip replacement and total knee replacement among orthopaedic operations.,TKR + THR listed,capability,INST,Chandigarh,GMCH-32,current page,Reported,Category IV - Orthopaedics operations,Government Medical College & Hospital Chandigarh,https://www.gmch.gov.in/category-iv-1,current,24-09-2026,1,High,Official government hospital procedure list.,n/a,-,High,Direct government source.,No volume or rehab workflow.,Low,No,24-09-2026,No,Active,-,Institution_Universe
C-119,"Alchemist Panchkula's physiotherapy department explicitly provides post-joint-replacement rehabilitation, discharge/attendant education and domiciliary home services; Dr. Veenu Sharma is Consultant-Incharge Physiotherapy.",Current service/role,rehab capability,INST,Panchkula,Alchemist Hospital,current page,Reported,Department of Physiotherapy,Alchemist Hospitals,https://alchemisthospitals.com/department-of-physiotherapy/,current,24-09-2026,3,High,Official department page.,n/a,-,High,Direct local workflow/capability evidence.,Does not quantify how many joint-replacement patients use each pathway.,Medium,No,24-09-2026,No,Active,-,Institution_Universe; Part 2
C-120,"PGIMER's current official profile lists Prof. Aditya K. Aggarwal as Professor & Head, Orthopaedics.",Current role,role,INST,Chandigarh,PGIMER Orthopaedics,current page,Reported,Prof. Aditya K. Aggarwal profile,PGIMER,https://pgimer.edu.in/PGIMER_PORTAL/PGIMERPORTAL/Department/Global/JSP/empview.jsp?id=583,current,24-09-2026,1,High,Official institute profile.,n/a,-,High,Direct first-party source.,No public annual TKR/THR volume found despite targeted searches.,Low,No,24-09-2026,No,Active,-,Institution_Universe
C-121,Use one broad knee-share prior across surgery facility classes rather than inventing facility-specific mixes.,0.72 / 0.82 / 0.90,knee share of arthroplasty,PERF,Tricity (assumed),all surgical facility classes,n/a,Assumption,Modelling assumption: knee share,Model assumption,,24-09-2026,24-09-2026,9,Low,"Assumption; deliberately wide range. Knee-heavy registry patterns motivate direction, not the exact values.",Hip share = 1 - knee share,C-106,Low,Assumption; replace when data is available.,Must not be cited as a measured local knee:hip mix.,High,Yes,N/A,N/A,Active - assumption,-,Class_Defaults
C-122,"Institution-level Low/Base/High arthroplasty volumes are assumptions, anchored loosely to public capability signals and the 15-20 primary knee arthroplasties/month per operating unit reported in an Indian tertiary-hospital trial setting.",Varies by institution,annual joints,PERF,Tricity (assumed),included institutions,n/a,Assumption,Modelling assumption: institution volumes,Model assumption + C-102,,24-09-2026,24-09-2026,9,Low,Not observed locally; intentionally broad by institution.,Institution values are assumptions,C-102,Low,Used for sensitivity ranking.,"Cannot be represented as calls, hospital disclosures or measured volumes.",High,Yes,N/A,N/A,Active - assumption,-,Institution_Universe; Method B
C-123,Bilateral and revision shares are modelling assumptions used to set direction inversions; they are not measured Tricity estimates.,See Model_Inputs I-13:I-17,fractions,Shared,Tricity (assumed),TKR/THR patients,n/a,Assumption,Modelling assumption: bilateral / revision shares,Model assumption,,24-09-2026,24-09-2026,9,Low,No local or literature figure found; values set as a wide sensitivity range.,n/a,-,Low,Low-confidence assumption; drives patient conversion only.,No Tricity or strong Indian source for bilateral / revision shares; tested across Low / Base / High in Model_Inputs I-13:I-17.,High,Yes,N/A,N/A,Active - assumption,-,Model_Inputs
C-124,"Home-plan funnel assumptions reflect public evidence that home discharge and oral/written exercise instructions are common, while the structured-monitorable share is uncertain.",See Model_Inputs I-20:I-22,fractions,PERF,Tricity (assumed),post-arthroplasty patients,n/a,Assumption,Modelling assumption: home-rehab funnel,Model assumption grounded in C-102/C-103/C-104,,24-09-2026,24-09-2026,9,Medium,Direction is evidence-grounded; exact percentages are not.,n/a,"C-102,C-103,C-104",Low-Medium,Stated sensitivity range.,Not local measurement.,High,Yes,N/A,N/A,Active - assumption,-,Part 1 funnel
C-125,Pilot eligibility and enrolment rates are assumptions for recruitment planning.,See Model_Inputs I-24:I-25,fractions,PERF,Tricity (assumed),pilot candidates,n/a,Assumption,Modelling assumption: pilot recruitment,Model assumption,,24-09-2026,24-09-2026,9,Low,No primary recruitment data yet.,n/a,-,Low,Only for sensitivity testing.,Cannot be presented as expected recruitment conversion.,High,Yes,N/A,N/A,Active - assumption,-,Part 2 pilot
